"fecha","frases"

"2023-12-27","En cada desafío reside una oportunidad para crecer y reafirmar la propia fortaleza"
"2023-12-28","La confianza en uno mismo es el primer paso para realizar grandes cosas."
"2023-12-29","Elige ser valiente; cada acto de coraje te acerca a tus sueños."
"2023-12-30","Transforma tus obstáculos en oportunidades y tus miedos en fortalezas."
"2023-12-31","¡Otro año voló! Que estos 365 días hayan traído aprendizaje y crecimiento, encontrando siempre lo positivo en cada momento."
"2024-01-01","Empieza el año con determinación y optimismo."
"2024-01-02","Cada paso adelante es un progreso, sin importar cuán pequeño sea."
"2024-01-03","Hoy es un nuevo día para ser tu mejor versión."
"2024-01-04","Visualiza tu éxito y trabaja para hacerlo realidad."
"2024-01-05","Cree en tu capacidad de superar cualquier desafío."
"2024-01-06","La perseverancia es tu mayor aliado en el camino al éxito."
"2024-01-07","Encuentra la belleza en el crecimiento y el cambio."
"2024-01-08","Los pequeños cambios diarios conducen a grandes resultados."
"2024-01-09","Sé el arquitecto de tu futuro y el narrador de tu historia."
"2024-01-10","Cada día es una nueva oportunidad para crecer y aprender."
"2024-01-11","Fortalece tu mente con pensamientos positivos y constructivos."
"2024-01-12","La paciencia y la persistencia son las claves del progreso."
"2024-01-13","Enfrenta tus miedos y conviértelos en tus fortalezas."
"2024-01-14","Celebra cada logro, por pequeño que sea."
"2024-01-15","El aprendizaje constante es el camino hacia la excelencia."
"2024-01-16","Encuentra la motivación en tus sueños y objetivos."
"2024-01-17","La gratitud diaria abre puertas a nuevas oportunidades."
"2024-01-18","Transforma los obstáculos en escalones hacia tus metas."
"2024-01-19","Abraza los desafíos; ellos te hacen más fuerte."
"2024-01-20","La confianza en uno mismo es un imán para el éxito."
"2024-01-21","Sé resiliente: cada fracaso es un aprendizaje."
"2024-01-22","El valor de intentarlo supera el miedo al fracaso."
"2024-01-23","El autodescubrimiento es el regalo de cada nuevo día."
"2024-01-24","La dedicación y el trabajo duro forjan el camino al éxito."
"2024-01-25","El optimismo es un combustible para enfrentar adversidades."
"2024-01-26","Cada día es una tela en blanco para pintar tus sueños."
"2024-01-27","Cultiva la paciencia; las mejores cosas requieren tiempo."
"2024-01-28","La creatividad es la chispa que enciende nuevas ideas."
"2024-01-29","Ser fiel a uno mismo es el primer paso hacia el crecimiento."
"2024-01-30","La humildad es una virtud poderosa en el viaje del éxito."
"2024-01-31","Reflexiona, aprende y avanza con cada experiencia vivida."
"2024-02-01","Cada amanecer trae una nueva oportunidad para alcanzar tus sueños."
"2024-02-02","La determinación de hoy es la arquitecta del mañana."
"2024-02-03","Abraza el cambio; es el camino hacia el crecimiento."
"2024-02-04","Tus acciones definen tu futuro, haz que cada una cuente."
"2024-02-05","Cultiva la fortaleza interna; es tu mayor tesoro."
"2024-02-06","Enfócate en tus metas y deja que nada te distraiga."
"2024-02-07","La confianza en ti mismo es el primer paso hacia el éxito."
"2024-02-08","Acepta los retos, ellos te conducen a nuevas alturas."
"2024-02-09","La constancia es la clave para transformar los sueños en realidad."
"2024-02-10","Cada dificultad enfrentada es una victoria en sí misma."
"2024-02-11","La pasión es el fuego que ilumina tu camino hacia el éxito."
"2024-02-12","Cultiva un corazón agradecido y mira cómo florece tu mundo."
"2024-02-13","Encontrar la felicidad en el progreso es el verdadero éxito."
"2024-02-14","Celebra el amor en todas sus formas, especialmente el amor propio."
"2024-02-15","La adaptabilidad es tu superpoder en un mundo en constante cambio."
"2024-02-16","La paciencia combinada con la persistencia conquista lo inalcanzable."
"2024-02-17","Los sueños se construyen con acciones, no con palabras."
"2024-02-18","Cada momento es una nueva oportunidad de brillar."
"2024-02-19","La vida es tu lienzo; pinta un futuro radiante."
"2024-02-20","El coraje no es ausencia de miedo, sino el triunfo sobre él."
"2024-02-21","Sé el héroe de tu propia historia."
"2024-02-22","La perseverancia transforma la adversidad en oportunidad."
"2024-02-23","El autoconocimiento es el mapa hacia tu destino deseado."
"2024-02-24","Rompe tus propios límites y descubre un mundo de posibilidades."
"2024-02-25","Tu voluntad de triunfar es tu mejor activo."
"2024-02-26","El éxito es un viaje, no un destino. Disfruta cada paso."
"2024-02-27","La mente positiva encuentra oportunidades en cada desafío."
"2024-02-28","Tus esfuerzos de hoy son las semillas de tus éxitos futuros."
"2024-03-01","El camino hacia tus sueños comienza con un paso valiente."
"2024-03-02","Cultiva la resiliencia; es tu jardín para el éxito."
"2024-03-03","Atrévete a soñar grande y a trabajar duro para hacerlo realidad."
"2024-03-04","El crecimiento personal es el arte de nunca dejar de aprender."
"2024-03-05","El optimismo es el combustible para enfrentar los desafíos del día."
"2024-03-06","La gratitud diaria transforma lo ordinario en extraordinario."
"2024-03-07","Visualiza tu éxito y haz que cada acción cuente hacia él."
"2024-03-08","Abraza tus singularidades; son tus superpoderes."
"2024-03-09","Cada momento de esfuerzo te acerca a tu objetivo."
"2024-03-10","La verdadera valentía es seguir adelante incluso cuando tienes miedo."
"2024-03-11","La paciencia es el arte de esperar con una actitud positiva."
"2024-03-12","Crea momentos que tu futuro yo agradecerá."
"2024-03-13","El éxito es frecuentemente el resultado de tomar un riesgo calculado."
"2024-03-14","La felicidad es encontrada en el camino del crecimiento personal."
"2024-03-15","No hay límite para lo que puedes lograr con fe y esfuerzo."
"2024-03-16","Cada nuevo amanecer es una invitación a reinventarte."
"2024-03-17","En la búsqueda de tus sueños, cada paso cuenta."
"2024-03-18","El poder de tu voluntad puede mover montañas."
"2024-03-19","El verdadero progreso se encuentra en mejorar un poco cada día."
"2024-03-20","La vida es una aventura de aprendizaje y descubrimiento."
"2024-03-21","Enfrenta cada desafío con un corazón valiente y una mente clara."
"2024-03-22","Tu viaje es único, no lo compares con el de los demás."
"2024-03-23","La confianza en uno mismo es la semilla del logro."
"2024-03-24","El coraje no es tener la fuerza para continuar, es continuar cuando no tienes fuerzas."
"2024-03-25","El éxito es más dulce cuando has conocido la derrota."
"2024-03-26","Encuentra belleza en el crecimiento, incluso en los días difíciles."
"2024-03-27","La clave para el cambio es liberarte del miedo."
"2024-03-28","Convierte tus sueños en planes y tus planes en realidad."
"2024-03-29","El progreso es imposible sin cambio, y aquellos que no cambian sus mentes no pueden cambiar nada."
"2024-03-30","Cada día es una oportunidad para influir positivamente en el mundo."
"2024-03-31","La determinación de hoy es el éxito del mañana."
"2024-04-01","El primer paso hacia el cambio es la conciencia."
"2024-04-02","Construye tus sueños, o alguien más te contratará para construir los suyos."
"2024-04-03","Los límites solo existen en tu mente."
"2024-04-04","El progreso comienza con la decisión de no quedarse en el mismo lugar."
"2024-04-05","La clave del éxito es enfocar nuestra conciencia en cosas que deseamos, no en las que tememos."
"2024-04-06","La vida empieza al final de tu zona de confort."
"2024-04-07","El éxito es lo que sucede después de que has sobrevivido a todos tus errores."
"2024-04-08","La determinación y la perseverancia mueven montañas."
"2024-04-09","La inspiración existe, pero debe encontrarte trabajando."
"2024-04-10","No esperes resultados diferentes si siempre haces lo mismo."
"2024-04-11","La valentía es ser quien eres realmente, incluso en la adversidad."
"2024-04-12","El éxito es una serie de pequeñas victorias."
"2024-04-13","No dejes que el miedo a perder te impida jugar."
"2024-04-14","El mayor riesgo es no tomar ninguno."
"2024-04-15","La actitud es una pequeña cosa que hace una gran diferencia."
"2024-04-16","Cada día es una segunda oportunidad."
"2024-04-17","La oportunidad no llama, se presenta cuando derribas la puerta."
"2024-04-18","La única manera de lograr lo imposible es creer que es posible."
"2024-04-19","La confianza en uno mismo es el primer paso hacia el éxito."
"2024-04-20","El éxito no se encuentra, se construye."
"2024-04-21","La adaptación es una forma hermosa de crecimiento."
"2024-04-22","Cada esfuerzo cuenta, no importa cuán pequeño."
"2024-04-23","No hay atajos para lugares que valen la pena ir."
"2024-04-24","Haz de tu vida una obra maestra; no hay limitaciones en lo que puedes ser, hacer o lograr."
"2024-04-25","La vida no se trata de encontrarte, sino de crearte."
"2024-04-26","La fuerza no viene de la victoria. Tus luchas desarrollan tus fortalezas."
"2024-04-27","La grandeza se logra a través de la dedicación, el esfuerzo y la lucha contra las dificultades."
"2024-04-28","El coraje es resistir y enfrentar tus miedos, no evitarlos."
"2024-04-29","El progreso requiere paciencia y persistencia."
"2024-04-30","El éxito es mantenerse en movimiento; cada paso, incluso pequeño, cuenta."
"2024-05-01","Cada nuevo mes trae una perspectiva fresca y nuevas posibilidades."
"2024-05-02","La perseverancia es la compañera silenciosa del éxito."
"2024-05-03","La autoconfianza es la mejor vestimenta; úsala y serás invencible."
"2024-05-04","El valor no es la ausencia de miedo, sino el triunfo sobre él."
"2024-05-05","Los sueños son la semilla del cambio. Nada crece sin sembrar."
"2024-05-06","No hay mejor momento que ahora para empezar a hacer realidad tus sueños."
"2024-05-07","La vida es un eco; lo que envías, vuelve."
"2024-05-08","Cada dificultad es una oportunidad disfrazada."
"2024-05-09","La verdadera sabiduría está en reconocer tu propia ignorancia."
"2024-05-10","La vida no se mide por las respiraciones que tomamos, sino por los momentos que nos quitan el aliento."
"2024-05-11","La felicidad es una dirección, no un lugar."
"2024-05-12","La adversidad es un espejo que refleja el verdadero yo."
"2024-05-13","La paciencia es el arte de esperar sin perder la calma."
"2024-05-14","El éxito no viene a ti, tú vas a él."
"2024-05-15","El cambio no es doloroso, solo la resistencia al cambio lo es."
"2024-05-16","Los obstáculos son oportunidades para crecer y mejorar."
"2024-05-17","La única batalla que se pierde es la que se abandona."
"2024-05-18","La mayor aventura que puedes tomar es vivir la vida de tus sueños."
"2024-05-19","El éxito es la suma de pequeñas acciones repetidas día a día."
"2024-05-20","El miedo es solo una ilusión, no deja que te paralice."
"2024-05-21","El éxito no es siempre sobre grandeza, es sobre consistencia."
"2024-05-22","La autenticidad es la clave para vivir una vida feliz y plena."
"2024-05-23","El coraje no es tener la fuerza para seguir, es seguir cuando no tienes fuerzas."
"2024-05-24","Cada nuevo desafío es una oportunidad para mejorar."
"2024-05-25","La felicidad se encuentra cuando dejas de compararte con los demás."
"2024-05-26","Vive cada día como si fuera tu obra maestra."
"2024-05-27","El éxito es caer siete veces y levantarse ocho."
"2024-05-28","El fracaso es la oportunidad de comenzar de nuevo más inteligentemente."
"2024-05-29","La gratitud convierte lo que tenemos en suficiente."
"2024-05-30","La vida es un reflejo de tus actitudes y creencias."
"2024-05-31","Sé el cambio que deseas ver en el mundo."
"2024-06-01","Empieza el mes con determinación y terminarás con éxito."
"2024-06-02","El camino hacia el éxito está siempre en construcción."
"2024-06-03","Sé valiente para enfrentar tus miedos y transformarlos en victorias."
"2024-06-04","El éxito es más dulce cuando has conocido la derrota."
"2024-06-05","El fracaso no es el opuesto del éxito; es parte de él."
"2024-06-06","Cree en la magia de los nuevos comienzos."
"2024-06-07","La verdadera felicidad surge de la gratitud."
"2024-06-08","Los sueños se realizan cuando no dejas que el miedo te gobierne."
"2024-06-09","La creatividad es la inteligencia divirtiéndose."
"2024-06-10","Hoy es un regalo perfecto, por eso se llama presente."
"2024-06-11","El cambio es tu oportunidad para crecer."
"2024-06-12","La vida comienza al final de tu zona de confort."
"2024-06-13","Cada nuevo desafío es una nueva oportunidad para mejorar."
"2024-06-14","La perseverancia es el secreto de todos los triunfos."
"2024-06-15","El éxito no se trata de nunca caer, sino de levantarte cada vez que caes."
"2024-06-16","El coraje es dar el primer paso, incluso cuando no ves toda la escalera."
"2024-06-17","La paciencia es el arte de tener esperanza."
"2024-06-18","El verdadero progreso implica riesgos y la voluntad de equivocarse."
"2024-06-19","El optimismo es el motor del cambio."
"2024-06-20","El éxito es caminar de fracaso en fracaso sin perder el entusiasmo."
"2024-06-21","La felicidad no es una estación a la que llegas, sino una forma de viajar."
"2024-06-22","No esperes oportunidades. Créalas."
"2024-06-23","El éxito es el resultado de pequeños esfuerzos, repetidos día tras día."
"2024-06-24","La vida es una aventura audaz o nada en absoluto."
"2024-06-25","La confianza en uno mismo es el fundamento del éxito."
"2024-06-26","La actitud positiva puede convertir una tormenta en un chaparrón."
"2024-06-27","No dejes que lo que no puedes hacer interfiera con lo que puedes hacer."
"2024-06-28","El éxito es la suma de pequeños esfuerzos, repetidos día tras día."
"2024-06-29","No cuentes los días; haz que los días cuenten."
"2024-06-30","El éxito es tener la valentía de ser tú mismo, en cualquier situación."
"2024-07-01","Inicia el mes con una actitud positiva y verás resultados positivos."
"2024-07-02","Cada nuevo día es una oportunidad para cambiar tu vida."
"2024-07-03","Sé la mejor versión de ti mismo; todo lo demás vendrá por añadidura."
"2024-07-04","La independencia se gana a través de la confianza en uno mismo y la determinación."
"2024-07-05","El coraje no siempre ruge. A veces es la voz tranquila que dice: intentaré de nuevo mañana."
"2024-07-06","Los obstáculos no bloquean el camino, ellos son el camino."
"2024-07-07","Tu mayor recurso es tu tiempo."
"2024-07-08","Cada paso hacia tus sueños aumenta tu confianza."
"2024-07-09","La paciencia y la persistencia son las llaves del éxito."
"2024-07-10","El miedo es un maestro de gran poder, pero no dejes que te domine."
"2024-07-11","El cambio es tu oportunidad para ser extraordinario."
"2024-07-12","Sigue adelante, el éxito está justo después de la curva más difícil."
"2024-07-13","Las pequeñas victorias construyen grandes éxitos."
"2024-07-14","La vida es el reflejo de tus acciones y pensamientos."
"2024-07-15","El crecimiento personal es un viaje sin destino final."
"2024-07-16","La felicidad no es un logro; es una forma de vivir."
"2024-07-17","Sueña en grande, pero disfruta las pequeñas alegrías del camino."
"2024-07-18","La vida es una serie de lecciones que deben ser vividas para ser entendidas."
"2024-07-19","Cada nuevo día trae una nueva fortaleza y nuevos pensamientos."
"2024-07-20","La perseverancia es la virtud que transforma un talento medio en éxito."
"2024-07-21","Los retos son oportunidades para demostrar nuestra fortaleza."
"2024-07-22","La mejor manera de predecir el futuro es creándolo."
"2024-07-23","La confianza en ti mismo es el primer secreto del éxito."
"2024-07-24","La vida es como una bicicleta, para mantener el equilibrio debes seguir adelante."
"2024-07-25","El éxito es la acumulación de pequeños esfuerzos repetidos día tras día."
"2024-07-26","Cada fracaso es un paso más hacia el éxito."
"2024-07-27","La verdadera felicidad se encuentra en el camino del crecimiento personal."
"2024-07-28","El éxito es ir de fracaso en fracaso sin perder el entusiasmo."
"2024-07-29","La vida es un eco; lo que envías, regresa."
"2024-07-30","El éxito no se trata de cuánto dinero ganas, sino de la diferencia que haces en la vida de las personas."
"2024-07-31","Cada día es una oportunidad para influir positivamente en tu entorno."
"2024-08-01","Agosto trae nuevas oportunidades para crecer y brillar."
"2024-08-02","Cada desafío superado es un paso más cerca del éxito."
"2024-08-03","La felicidad se encuentra en el viaje, no solo en el destino."
"2024-08-04","El éxito es la capacidad de ir de fracaso en fracaso sin perder el entusiasmo."
"2024-08-05","La vida te desafía para que te fortalezcas."
"2024-08-06","Cada nuevo día es una página en blanco en la historia de tu vida."
"2024-08-07","La determinación es el camino hacia logros extraordinarios."
"2024-08-08","Cree en ti mismo, y el mundo creerá en ti."
"2024-08-09","Transforma tus sueños en objetivos y tus objetivos en realidad."
"2024-08-10","Los momentos difíciles son una prueba de tu determinación y perseverancia."
"2024-08-11","El coraje es elegir lo que es correcto, incluso cuando es difícil."
"2024-08-12","La clave del éxito está en la constante búsqueda de conocimiento."
"2024-08-13","Los límites son solo ilusiones creadas por miedos."
"2024-08-14","El fracaso es solo el comienzo de algo más grande."
"2024-08-15","Cada día es una oportunidad para ser un poco mejor que ayer."
"2024-08-16","El verdadero éxito es ser feliz con lo que eres y lo que haces."
"2024-08-17","No hay mejor maestro que el intento perseverante."
"2024-08-18","El éxito nace de querer, esforzarse y persistir."
"2024-08-19","Los desafíos de hoy son las fuerzas que te impulsan hacia adelante."
"2024-08-20","Cultiva la mentalidad de que puedes y lo harás."
"2024-08-21","El progreso es imposible sin el cambio, y aquellos que no pueden cambiar sus mentes no pueden cambiar nada."
"2024-08-22","El éxito empieza con la voluntad de intentarlo."
"2024-08-23","La vida no es esperar a que la tormenta pase, sino aprender a bailar bajo la lluvia."
"2024-08-24","El único límite para alcanzar tu potencial es tu propia creencia."
"2024-08-25","El éxito no es permanente, y el fracaso no es fatal."
"2024-08-26","El coraje es resistir y enfrentar tus miedos."
"2024-08-27","No temas a los cambios, pueden dar lugar a nuevas oportunidades."
"2024-08-28","Cada nuevo amanecer trae una oportunidad para cambiar y ser mejor."
"2024-08-29","El éxito es tener la valentía de perseguir tus sueños, a pesar de los desafíos."
"2024-08-30","La vida es una serie de cambios constantes. Ser flexible es ser fuerte."
"2024-08-31","No es la montaña que conquistamos, sino a nosotros mismos."
"2024-09-01","Septiembre trae nuevos comienzos y frescas perspectivas."
"2024-09-02","Cada día es una nueva oportunidad para impactar el mundo."
"2024-09-03","El éxito es la recompensa por superar tus miedos."
"2024-09-04","La vida se mide por los momentos que realmente nos importan."
"2024-09-05","El coraje es hacer lo que tienes miedo de hacer."
"2024-09-06","En la vida, lo que realmente importa es el viaje, no el destino."
"2024-09-07","Cada nuevo reto es una oportunidad para crecer."
"2024-09-08","El fracaso es solo un descanso temporal en el camino hacia el éxito."
"2024-09-09","Tus sueños son el boceto de tu futuro éxito."
"2024-09-10","La perseverancia es tu aliada más poderosa."
"2024-09-11","Cada paso, por pequeño que sea, te acerca a tus metas."
"2024-09-12","El verdadero valor se encuentra en enfrentar tus miedos."
"2024-09-13","Las oportunidades son como amaneceres; si esperas demasiado, las pierdes."
"2024-09-14","El éxito no es solo alcanzar tus metas, sino disfrutar del camino."
"2024-09-15","Sueña sin miedos, vive sin límites."
"2024-09-16","El crecimiento personal nunca termina."
"2024-09-17","El éxito se trata de crear valor y hacer una diferencia."
"2024-09-18","El cambio es el proceso mediante el cual el futuro invade nuestras vidas."
"2024-09-19","El éxito es aprender a ir de fracaso en fracaso sin desesperación."
"2024-09-20","No es la carga lo que te derrota, sino cómo la llevas."
"2024-09-21","El miedo es un muro entre tú y tus sueños."
"2024-09-22","Enfrenta tus desafíos con confianza y coraje."
"2024-09-23","El éxito es la suma de pequeños esfuerzos, repetidos día tras día."
"2024-09-24","No esperes el momento perfecto, toma el momento y hazlo perfecto."
"2024-09-25","El éxito comienza con el autoconocimiento."
"2024-09-26","La paciencia es la clave del paraíso."
"2024-09-27","El único fracaso real es no intentarlo."
"2024-09-28","Cada nuevo amanecer es una oportunidad para reinventarte."
"2024-09-29","El progreso es no repetir los mismos errores."
"2024-09-30","La vida es un viaje continuo de aprendizaje y crecimiento."
"2024-10-01","Octubre trae la promesa de nuevas oportunidades y experiencias."
"2024-10-02","La vida es un lienzo; es tu decisión pintarlo con colores brillantes."
"2024-10-03","El éxito es más sobre la actitud con la que enfrentas la vida."
"2024-10-04","La felicidad es una elección que puedes hacer todos los días."
"2024-10-05","No limites tus desafíos, desafía tus límites."
"2024-10-06","El coraje es la resistencia al miedo, el dominio del miedo, no la ausencia de miedo."
"2024-10-07","La vida comienza al final de tu zona de confort."
"2024-10-08","El éxito no se mide por lo que logras, sino por los obstáculos que superas."
"2024-10-09","Cada día es una nueva oportunidad de cambiar tu vida."
"2024-10-10","Sé la razón por la que alguien sonríe hoy."
"2024-10-11","Los sueños no se hacen realidad a menos que despiertes y trabajes en ellos."
"2024-10-12","Tu vida es tu historia. Escribe bien y edítala a menudo."
"2024-10-13","El éxito no es el final, el fracaso no es fatal: lo que cuenta es el valor para continuar."
"2024-10-14","El futuro pertenece a aquellos que creen en la belleza de sus sueños."
"2024-10-15","El miedo es el mayor obstáculo para el éxito."
"2024-10-16","Cada pequeño paso positivo es un avance en la dirección correcta."
"2024-10-17","No esperes a que las cosas sucedan. Haz que sucedan."
"2024-10-18","El éxito es el producto de la perseverancia en la adversidad."
"2024-10-19","La única manera de hacer un trabajo excelente es amar lo que haces."
"2024-10-20","El poder de la imaginación nos hace infinitos."
"2024-10-21","La vida no se trata de encontrarte a ti mismo, sino de crearte a ti mismo."
"2024-10-22","El éxito es caer nueve veces y levantarse diez."
"2024-10-23","Cada momento es una nueva oportunidad para ser quien quieres ser."
"2024-10-24","La determinación es el despertar del espíritu humano."
"2024-10-25","El progreso es imposible sin cambio."
"2024-10-26","El miedo a fracasar es el único obstáculo para el éxito."
"2024-10-27","La paciencia es la compañera de la sabiduría."
"2024-10-28","No dejes que lo que no puedes hacer interfiera con lo que puedes hacer."
"2024-10-29","El único límite a nuestros logros de mañana está en nuestras dudas de hoy."
"2024-10-30","La vida es un desafío, acéptalo."
"2024-10-31","El éxito no es cuánto dinero ganas, sino la diferencia que haces."
"2024-11-01","Noviembre trae la oportunidad de reflexionar y agradecer."
"2024-11-02","Cada nuevo desafío es una oportunidad para demostrar tu fortaleza."
"2024-11-03","El éxito no es definitivo, el fracaso no es fatal: lo que cuenta es el valor para continuar."
"2024-11-04","La vida no se trata de esperar a que pase la tormenta, sino de aprender a bailar bajo la lluvia."
"2024-11-05","El coraje no siempre ruge, a veces es la pequeña voz al final del día que dice: lo intentaré de nuevo mañana."
"2024-11-06","La vida es un eco, lo que envías, vuelve."
"2024-11-07","Los sueños se hacen realidad para aquellos que trabajan mientras otros duermen."
"2024-11-08","La clave del éxito es enfocar nuestra energía consciente en cosas que deseamos, no en las que tememos."
"2024-11-09","El cambio es difícil al principio, desordenado en el medio y glorioso al final."
"2024-11-10","Tu actitud, no tu aptitud, determinará tu altitud."
"2024-11-11","No cuentes los días, haz que los días cuenten."
"2024-11-12","El éxito es tropezar de fracaso en fracaso sin perder el entusiasmo."
"2024-11-13","El optimismo es el compañero de la fe y la madre de la realización."
"2024-11-14","No esperes oportunidades, créalas."
"2024-11-15","La vida no se trata de encontrarte a ti mismo, sino de crearte a ti mismo."
"2024-11-16","El éxito es la suma de pequeños esfuerzos repetidos día tras día."
"2024-11-17","El coraje no es tener la fuerza para seguir, es seguir cuando no tienes fuerzas."
"2024-11-18","Cada nuevo día es una nueva oportunidad para cambiar tu vida."
"2024-11-19","El único lugar donde el éxito viene antes que el trabajo es en el diccionario."
"2024-11-20","La mejor manera de predecir el futuro es crearlo."
"2024-11-21","El éxito no se trata de cuánto dinero ganas, sino de la diferencia que haces en la vida de las personas."
"2024-11-22","No es la montaña la que conquistamos, sino a nosotros mismos."
"2024-11-23","La vida es un 10% lo que me sucede y un 90% cómo reacciono a ello."
"2024-11-24","El éxito parece estar conectado con la acción. Las personas exitosas siguen moviéndose."
"2024-11-25","El éxito es ir de fracaso en fracaso sin perder el entusiasmo."
"2024-11-26","El miedo es el sueño de los valientes."
"2024-11-27","La vida es una aventura atrevida o no es nada en absoluto."
"2024-11-28","La felicidad no es algo que pospones para el futuro; es algo que diseñas para el presente."
"2024-11-29","Los desafíos son lo que hacen la vida interesante y superarlos es lo que hace la vida significativa."
"2024-11-30","El futuro pertenece a aquellos que creen en la belleza de sus sueños."
"2024-12-01","Diciembre es un mes de luces, nieve y reflexiones."
"2024-12-02","La vida es un regalo. Despierta cada día con gratitud."
"2024-12-03","La verdadera alegría viene de dar y compartir, no de recibir."
"2024-12-04","Los sueños de invierno traen esperanzas de primavera."
"2024-12-05","El fin de año es un tiempo para reflexionar y renovar."
"2024-12-06","La magia de diciembre nos recuerda que los milagros son posibles."
"2024-12-07","La generosidad es el corazón del espíritu navideño."
"2024-12-08","El mejor regalo que puedes dar es tu tiempo y amor."
"2024-12-09","Cada copo de nieve es un recordatorio de que todos somos únicos."
"2024-12-10","La luz de una pequeña vela puede iluminar la oscuridad más profunda."
"2024-12-11","El invierno es un lienzo en blanco para nuestras esperanzas y sueños."
"2024-12-12","El calor de la amistad brilla más brillante en los días fríos."
"2024-12-13","La temporada de fiestas es un momento para compartir alegría y amor."
"2024-12-14","Los recuerdos de diciembre son tesoros para toda la vida."
"2024-12-15","Celebra cada pequeña alegría en esta temporada festiva."
"2024-12-16","La verdadera esencia de la Navidad es el amor."
"2024-12-17","Deja que el espíritu navideño te inspire a ser mejor cada día."
"2024-12-18","La Navidad no es una fecha, es un estado de mente."
"2024-12-19","Que la magia de la Navidad te llene de maravillas y alegría."
"2024-12-20","La Navidad es un momento para creer en lo mejor del ser humano."
"2024-12-21","La luz invernal ilumina los caminos de la esperanza y la paz."
"2024-12-22","Cada momento es una ocasión para crear recuerdos cálidos."
"2024-12-23","La Navidad es el tiempo de dar sin esperar recibir."
"2024-12-24","Nochebuena: una noche de amor, esperanza y milagros."
"2024-12-25","Que la alegría de la Navidad llene tu hogar y corazón."
"2024-12-26","Las festividades son un momento para agradecer y celebrar."
"2024-12-27","El fin de año es una oportunidad para nuevos comienzos."
"2024-12-28","Reflexiona sobre el año pasado y planea para el siguiente."
"2024-12-29","Cada final es un nuevo comienzo."
"2024-12-30","Prepárate para el nuevo año con esperanza y entusiasmo."
"2024-12-31","Despide el año viejo con gratitud y recibe el nuevo con alegría."